Switzerland,Western Europe,1,7.587,7.55289,7.62111,1.39651,1.34951,0.94143,0.66557,0.41978,0.29678,2.51738,2015
Iceland,Western Europe,2,7.561,7.51216,7.60984,1.30232,1.40223,0.94784,0.62877,0.14145,0.4363,2.70201,2015
Denmark,Western Europe,3,7.527,7.49372,7.56028,1.32548,1.36058,0.87464,0.64938,0.48357,0.34139,2.49204,2015
Norway,Western Europe,4,7.522,7.4832,7.5608,1.459,1.33095,0.88521,0.66973,0.36503,0.34699,2.46531,2015
Canada,North America,5,7.427,7.39147,7.46253,1.32629,1.32261,0.90563,0.63297,0.32957,0.45811,2.45176,2015
Finland,Western Europe,6,7.406,7.3746,7.4374,1.29025,1.31826,0.88911,0.64169,0.41372,0.23351,2.61955,2015
Netherlands,Western Europe,7,7.378,7.35001,7.40599,1.32944,1.28017,0.89284,0.61576,0.31814,0.4761,2.4657,2015
Sweden,Western Europe,8,7.364,7.33243,7.39557,1.33171,1.28907,0.91087,0.6598,0.43844,0.36262,2.37119,2015
New Zealand,Australia and New Zealand,9,7.286,7.25229,7.31971,1.25018,1.31967,0.90837,0.63938,0.42922,0.47501,2.26425,2015
Australia,Australia and New Zealand,10,7.284,7.24317,7.32483,1.33358,1.30923,0.93156,0.65124,0.35637,0.43562,2.26646,2015
Israel,Middle East and Northern Africa,11,7.278,7.2433,7.3127,1.22857,1.22393,0.91387,0.41319,0.07785,0.33172,3.08854,2015
Costa Rica,Latin America and Caribbean,12,7.226,7.18146,7.27054,0.95578,1.23788,0.86027,0.63376,0.10583,0.25497,3.17728,2015
Austria,Western Europe,13,7.2,7.16249,7.23751,1.33723,1.29704,0.89042,0.62433,0.18676,0.33088,2.5332,2015
Mexico,Latin America and Caribbean,14,7.187,7.14524,7.22876,1.02054,0.91451,0.81444,0.48181,0.21312,0.14074,3.60214,2015
United States,North America,15,7.119,7.08061,7.15739,1.39451,1.24711,0.86179,0.54604,0.1589,0.40105,2.51011,2015
Brazil,Latin America and Caribbean,16,6.983,6.94224,7.02376,0.98124,1.23287,0.69702,0.49049,0.17521,0.14574,3.26001,2015
Luxembourg,Western Europe,17,6.946,6.91101,6.98099,1.56391,1.21963,0.91894,0.61583,0.37798,0.28034,1.96961,2015
Ireland,Western Europe,18,6.94,6.90324,6.97676,1.33596,1.36948,0.89533,0.61777,0.28703,0.45901,1.9757,2015
Belgium,Western Europe,19,6.937,6.90105,6.97295,1.30782,1.28566,0.89667,0.5845,0.2254,0.2225,2.41484,2015
United Arab Emirates,Middle East and Northern Africa,20,6.901,6.86371,6.93829,1.42727,1.12575,0.80925,0.64157,0.38583,0.26428,2.24743,2015
United Kingdom,Western Europe,21,6.867,6.84834,6.88566,1.26637,1.28548,0.90943,0.59625,0.32067,0.51912,1.96994,2015
Oman,Middle East and Northern Africa,22,6.853,6.79965,6.90635,1.36011,1.08182,0.76276,0.63274,0.32524,0.21542,2.47489,2015
Venezuela,Latin America and Caribbean,23,6.81,6.74524,6.87476,1.04424,1.25596,0.72052,0.42908,0.11069,0.05841,3.19131,2015
Singapore,Southeastern Asia,24,6.798,6.7602,6.8358,1.52186,1.02,1.02525,0.54252,0.4921,0.31105,1.88501,2015
Panama,Latin America and Caribbean,25,6.786,6.7369,6.8351,1.06353,1.1985,0.79661,0.5421,0.0927,0.24434,2.84848,2015
Germany,Western Europe,26,6.75,6.73152,6.76848,1.32792,1.29937,0.89186,0.61477,0.21843,0.28214,2.11569,2015
Chile,Latin America and Caribbean,27,6.67,6.612,6.728,1.10715,1.12447,0.85857,0.44132,0.12869,0.33363,2.67585,2015
Qatar,Middle East and Northern Africa,28,6.611,6.54843,6.67357,1.69042,1.0786,0.79733,0.6404,0.52208,0.32573,1.55674,2015
France,Western Europe,29,6.575,6.53988,6.61012,1.27778,1.26038,0.94579,0.55011,0.20646,0.12332,2.21126,2015
Argentina,Latin America and Caribbean,30,6.574,6.52788,6.62012,1.05351,1.24823,0.78723,0.44974,0.08484,0.11451,2.836,2015
Czech Republic,Central and Eastern Europe,31,6.505,6.46332,6.54668,1.17898,1.20643,0.84483,0.46364,0.02652,0.10686,2.67782,2015
Uruguay,Latin America and Caribbean,32,6.485,6.43961,6.53039,1.06166,1.2089,0.8116,0.60362,0.24558,0.2324,2.32142,2015
Colombia,Latin America and Caribbean,33,6.477,6.42649,6.52751,0.91861,1.24018,0.69077,0.53466,0.0512,0.18401,2.85737,2015
Thailand,Southeastern Asia,34,6.455,6.41943,6.49057,0.9669,1.26504,0.7385,0.55664,0.03187,0.5763,2.31945,2015
Saudi Arabia,Middle East and Northern Africa,35,6.411,6.36467,6.45733,1.39541,1.08393,0.72025,0.31048,0.32524,0.13706,2.43872,2015
Spain,Western Europe,36,6.329,6.29432,6.36368,1.23011,1.31379,0.95562,0.45951,0.06398,0.18227,2.12367,2015
Malta,Western Europe,37,6.302,6.25994,6.34406,1.2074,1.30203,0.88721,0.60365,0.13586,0.51752,1.6488,2015
Taiwan,Eastern Asia,38,6.298,6.25932,6.33668,1.29098,1.07617,0.8753,0.3974,0.08129,0.25376,2.32323,2015
Kuwait,Middle East and Northern Africa,39,6.295,6.25044,6.33956,1.55422,1.16594,0.72492,0.55499,0.25609,0.16228,1.87634,2015
Suriname,Latin America and Caribbean,40,6.269,6.17089,6.36711,0.99534,0.972,0.6082,0.59657,0.13633,0.16991,2.79094,2015
Trinidad and Tobago,Latin America and Caribbean,41,6.168,6.05905,6.27695,1.21183,1.18354,0.61483,0.55884,0.0114,0.31844,2.26882,2015
El Salvador,Latin America and Caribbean,42,6.13,6.07382,6.18618,0.76454,1.02507,0.67737,0.4035,0.11776,0.10692,3.035,2015
Guatemala,Latin America and Caribbean,43,6.123,6.07076,6.17524,0.74553,1.04356,0.64425,0.57733,0.09472,0.27489,2.74255,2015
Uzbekistan,Central and Eastern Europe,44,6.003,5.95939,6.04661,0.63244,1.34043,0.59772,0.65821,0.30826,0.22837,2.23741,2015
Slovakia,Central and Eastern Europe,45,5.995,5.95233,6.03767,1.16891,1.26999,0.78902,0.31751,0.03431,0.16893,2.24639,2015
Japan,Eastern Asia,46,5.987,5.95119,6.02281,1.27074,1.25712,0.99111,0.49615,0.1806,0.10705,1.68435,2015
South Korea,Eastern Asia,47,5.984,5.94302,6.02498,1.24461,0.95774,0.96538,0.33208,0.07857,0.18557,2.21978,2015
Ecuador,Latin America and Caribbean,48,5.975,5.92972,6.02028,0.86402,0.99903,0.79075,0.48574,0.1809,0.11541,2.53942,2015
Bahrain,Middle East and Northern Africa,49,5.96,5.90588,6.01412,1.32376,1.21624,0.74716,0.45492,0.306,0.17362,1.73797,2015
Italy,Western Europe,50,5.948,5.90886,5.98714,1.25114,1.19777,0.95446,0.26236,0.02901,0.22823,2.02518,2015
Bolivia,Latin America and Caribbean,51,5.89,5.83358,5.94642,0.68133,0.97841,0.5392,0.57414,0.088,0.20536,2.82334,2015
Moldova,Central and Eastern Europe,52,5.889,5.85101,5.92699,0.59448,1.01528,0.61826,0.32818,0.01615,0.20951,3.10712,2015
Paraguay,Latin America and Caribbean,53,5.878,5.83237,5.92363,0.75985,1.30477,0.66098,0.53899,0.08242,0.3424,2.18896,2015
Kazakhstan,Central and Eastern Europe,54,5.855,5.81386,5.89614,1.12254,1.12241,0.64368,0.51649,0.08454,0.11827,2.24729,2015
Slovenia,Central and Eastern Europe,55,5.848,5.80549,5.89051,1.18498,1.27385,0.87337,0.60855,0.03787,0.25328,1.61583,2015
Lithuania,Central and Eastern Europe,56,5.833,5.79457,5.87143,1.14723,1.25745,0.73128,0.21342,0.01031,0.02641,2.44649,2015
Nicaragua,Latin America and Caribbean,57,5.828,5.77429,5.88171,0.59325,1.14184,0.74314,0.55475,0.19317,0.27815,2.32407,2015
Peru,Latin America and Caribbean,58,5.824,5.77785,5.87015,0.90019,0.97459,0.73017,0.41496,0.05989,0.14982,2.5945,2015
Belarus,Central and Eastern Europe,59,5.813,5.77362,5.85238,1.03192,1.23289,0.73608,0.37938,0.1909,0.11046,2.1309,2015
Poland,Central and Eastern Europe,60,5.791,5.74837,5.83363,1.12555,1.27948,0.77903,0.53122,0.04212,0.16759,1.86565,2015
Malaysia,Southeastern Asia,61,5.77,5.7267,5.8133,1.12486,1.07023,0.72394,0.53024,0.10501,0.33075,1.88541,2015
Croatia,Central and Eastern Europe,62,5.759,5.71506,5.80294,1.08254,0.79624,0.78805,0.25883,0.0243,0.05444,2.75414,2015
Libya,Middle East and Northern Africa,63,5.754,5.67568,5.83232,1.13145,1.11862,0.7038,0.41668,0.11023,0.18295,2.09066,2015
Russia,Central and Eastern Europe,64,5.716,5.68465,5.74735,1.13764,1.23617,0.66926,0.36679,0.03005,0.00199,2.27394,2015
Jamaica,Latin America and Caribbean,65,5.709,5.57207,5.84593,0.81038,1.15102,0.68741,0.50442,0.02299,0.2123,2.32038,2015
North Cyprus,Western Europe,66,5.695,5.63865,5.75135,1.20806,1.07008,0.92356,0.49027,0.1428,0.26169,1.59888,2015
Cyprus,Western Europe,67,5.689,5.6332,5.7448,1.20813,0.89318,0.92356,0.40672,0.06146,0.30638,1.88931,2015
Algeria,Middle East and Northern Africa,68,5.605,5.55401,5.65599,0.93929,1.07772,0.61766,0.28579,0.17383,0.07822,2.43209,2015
Kosovo,Central and Eastern Europe,69,5.589,5.53882,5.63918,0.80148,0.81198,0.63132,0.24749,0.04741,0.2831,2.76579,2015
Turkmenistan,Central and Eastern Europe,70,5.548,5.50625,5.58975,0.95847,1.22668,0.53886,0.4761,0.30844,0.16979,1.86984,2015
Mauritius,Sub-Saharan Africa,71,5.477,5.40503,5.54897,1.00761,0.98521,0.7095,0.56066,0.07521,0.37744,1.76145,2015
Hong Kong,Eastern Asia,72,5.474,5.42349,5.52451,1.38604,1.05818,1.01328,0.59608,0.37124,0.39478,0.65429,2015
Estonia,Central and Eastern Europe,73,5.429,5.38887,5.46913,1.15174,1.22791,0.77361,0.44888,0.15184,0.0868,1.58782,2015
Indonesia,Southeastern Asia,74,5.399,5.37304,5.42496,0.82827,1.08708,0.63793,0.46611,0,0.51535,1.86399,2015
Vietnam,Southeastern Asia,75,5.36,5.32893,5.39107,0.63216,0.91226,0.74676,0.59444,0.10441,0.1686,2.20173,2015
Turkey,Middle East and Northern Africa,76,5.332,5.29336,5.37064,1.06098,0.94632,0.73172,0.22815,0.15746,0.12253,2.08528,2015
Kyrgyzstan,Central and Eastern Europe,77,5.286,5.24777,5.32423,0.47428,1.15115,0.65088,0.43477,0.04232,0.3003,2.2327,2015
Nigeria,Sub-Saharan Africa,78,5.268,5.22608,5.30992,0.65435,0.90432,0.16007,0.34334,0.0403,0.27233,2.89319,2015
Bhutan,Southern Asia,79,5.253,5.22075,5.28525,0.77042,1.10395,0.57407,0.53206,0.15445,0.47998,1.63794,2015
Azerbaijan,Central and Eastern Europe,80,5.212,5.17837,5.24563,1.02389,0.93793,0.64045,0.3703,0.16065,0.07799,2.00073,2015
Pakistan,Southern Asia,81,5.194,5.15674,5.23126,0.59543,0.41411,0.51466,0.12102,0.10464,0.33671,3.10709,2015
Jordan,Middle East and Northern Africa,82,5.192,5.14676,5.23724,0.90198,1.05392,0.69639,0.40661,0.14293,0.11053,1.87996,2015
Montenegro,Central and Eastern Europe,82,5.192,5.13965,5.24435,0.97438,0.90557,0.72521,0.1826,0.14296,0.1614,2.10017,2015
China,Eastern Asia,84,5.14,5.11576,5.16424,0.89012,0.94675,0.81658,0.51697,0.02781,0.08185,1.8604,2015
Zambia,Sub-Saharan Africa,85,5.129,5.05912,5.19888,0.47038,0.91612,0.29924,0.48827,0.12468,0.19591,2.6343,2015
Romania,Central and Eastern Europe,86,5.124,5.05793,5.19007,1.04345,0.88588,0.7689,0.35068,0.00649,0.13748,1.93129,2015
Serbia,Central and Eastern Europe,87,5.123,5.07436,5.17164,0.92053,1.00964,0.74836,0.20107,0.02617,0.19231,2.025,2015
Portugal,Western Europe,88,5.102,5.05398,5.15002,1.15991,1.13935,0.87519,0.51469,0.01078,0.13719,1.26462,2015
Latvia,Central and Eastern Europe,89,5.098,5.0516,5.1444,1.11312,1.09562,0.72437,0.29671,0.06332,0.18226,1.62215,2015
Philippines,Southeastern Asia,90,5.073,5.02366,5.12234,0.70532,1.03516,0.58114,0.62545,0.12279,0.24991,1.7536,2015
Somaliland region,Sub-Saharan Africa,91,5.057,4.99539,5.11861,0.18847,0.95152,0.43873,0.46582,0.39928,0.50318,2.11032,2015
Morocco,Middle East and Northern Africa,92,5.013,4.9788,5.0472,0.73479,0.64095,0.60954,0.41691,0.08546,0.07172,2.45373,2015
Macedonia,Central and Eastern Europe,93,5.007,4.95324,5.06076,0.91851,1.00232,0.73545,0.33457,0.05327,0.22359,1.73933,2015
Mozambique,Sub-Saharan Africa,94,4.971,4.89204,5.04996,0.08308,1.02626,0.09131,0.34037,0.15603,0.22269,3.05137,2015
Albania,Central and Eastern Europe,95,4.959,4.90887,5.00913,0.87867,0.80434,0.81325,0.35733,0.06413,0.14272,1.89894,2015
Bosnia and Herzegovina,Central and Eastern Europe,96,4.949,4.87987,5.01813,0.83223,0.91916,0.79081,0.09245,0.00227,0.24808,2.06367,2015
Lesotho,Sub-Saharan Africa,97,4.898,4.80362,4.99238,0.37545,1.04103,0.07612,0.31767,0.12504,0.16388,2.79832,2015
Dominican Republic,Latin America and Caribbean,98,4.885,4.81054,4.95946,0.89537,1.17202,0.66825,0.57672,0.14234,0.21684,1.21305,2015
Laos,Southeastern Asia,99,4.876,4.80902,4.94298,0.59066,0.73803,0.54909,0.59591,0.24249,0.42192,1.73799,2015
Mongolia,Eastern Asia,100,4.874,4.84087,4.90713,0.82819,1.3006,0.60268,0.43626,0.02666,0.3323,1.34759,2015
Swaziland,Sub-Saharan Africa,101,4.867,4.77958,4.95442,0.71206,1.07284,0.07566,0.30658,0.0306,0.18259,2.48676,2015
Greece,Western Europe,102,4.857,4.80638,4.90762,1.15406,0.92933,0.88213,0.07699,0.01397,0,1.80101,2015
Lebanon,Middle East and Northern Africa,103,4.839,4.79563,4.88237,1.02564,0.80001,0.83947,0.33916,0.04582,0.21854,1.57059,2015
Hungary,Central and Eastern Europe,104,4.8,4.73893,4.86107,1.12094,1.20215,0.75905,0.32112,0.02758,0.128,1.24074,2015
Honduras,Latin America and Caribbean,105,4.788,4.73152,4.84448,0.59532,0.95348,0.6951,0.40148,0.06825,0.23027,1.84408,2015
Tajikistan,Central and Eastern Europe,106,4.786,4.75402,4.81798,0.39047,0.85563,0.57379,0.47216,0.15072,0.22974,2.11399,2015
Tunisia,Middle East and Northern Africa,107,4.739,4.70311,4.77489,0.88113,0.60429,0.73793,0.26268,0.06358,0.06431,2.12466,2015
Palestinian Territories,Middle East and Northern Africa,108,4.715,4.67106,4.75894,0.59867,0.92558,0.66015,0.24499,0.12905,0.11251,2.04384,2015
Bangladesh,Southern Asia,109,4.694,4.66323,4.72477,0.39753,0.43106,0.60164,0.4082,0.12569,0.21222,2.51767,2015
Iran,Middle East and Northern Africa,110,4.686,4.64151,4.73049,1.0088,0.54447,0.69805,0.30033,0.05863,0.38086,1.6944,2015
Ukraine,Central and Eastern Europe,111,4.681,4.63688,4.72512,0.79907,1.20278,0.6739,0.25123,0.02961,0.15275,1.5714,2015
Iraq,Middle East and Northern Africa,112,4.677,4.62468,4.72932,0.98549,0.81889,0.60237,0,0.13788,0.17922,1.95335,2015
South Africa,Sub-Saharan Africa,113,4.642,4.59615,4.68785,0.92049,1.18468,0.27688,0.33207,0.08884,0.11973,1.71956,2015
Ghana,Sub-Saharan Africa,114,4.633,4.58558,4.68042,0.54558,0.67954,0.40132,0.42342,0.04355,0.23087,2.30919,2015
Zimbabwe,Sub-Saharan Africa,115,4.61,4.5671,4.6529,0.271,1.03276,0.33475,0.25861,0.08079,0.18987,2.44191,2015
Liberia,Sub-Saharan Africa,116,4.571,4.46032,4.68168,0.0712,0.78968,0.34201,0.28531,0.06232,0.24362,2.77729,2015
India,Southern Asia,117,4.565,4.54457,4.58543,0.64499,0.38174,0.51529,0.39786,0.08492,0.26475,2.27513,2015
Sudan,Sub-Saharan Africa,118,4.55,4.4826,4.6174,0.52107,1.01404,0.36878,0.10081,0.1466,0.19062,2.20857,2015
Haiti,Latin America and Caribbean,119,4.518,4.44469,4.59131,0.26673,0.74302,0.38847,0.24425,0.17175,0.46187,2.24173,2015
Congo (Kinshasa),Sub-Saharan Africa,120,4.517,4.4802,4.5538,0,1.0012,0.09806,0.22605,0.07625,0.24834,2.86712,2015
Nepal,Southern Asia,121,4.514,4.47793,4.55007,0.35997,0.86449,0.56874,0.38282,0.05907,0.32296,1.95637,2015
Ethiopia,Sub-Saharan Africa,122,4.512,4.4742,4.5498,0.19073,0.60406,0.44055,0.4345,0.15048,0.24325,2.44876,2015
Sierra Leone,Sub-Saharan Africa,123,4.507,4.43632,4.57768,0.33024,0.95571,0,0.4084,0.08786,0.21488,2.51009,2015
Mauritania,Sub-Saharan Africa,124,4.436,4.39653,4.47547,0.45407,0.86908,0.35874,0.24232,0.17461,0.219,2.11773,2015
Kenya,Sub-Saharan Africa,125,4.419,4.37166,4.46634,0.36471,0.99876,0.41435,0.42215,0.05839,0.37542,1.78555,2015
Djibouti,Sub-Saharan Africa,126,4.369,4.28804,4.44996,0.44025,0.59207,0.36291,0.46074,0.28105,0.18093,2.05125,2015
Armenia,Central and Eastern Europe,127,4.35,4.30237,4.39763,0.76821,0.77711,0.7299,0.19847,0.039,0.07855,1.75873,2015
Botswana,Sub-Saharan Africa,128,4.332,4.28266,4.38134,0.99355,1.10464,0.04776,0.49495,0.12474,0.10461,1.46181,2015
Myanmar,Southeastern Asia,129,4.307,4.26349,4.35051,0.27108,0.70905,0.48246,0.44017,0.19034,0.79588,1.41805,2015
Georgia,Central and Eastern Europe,130,4.297,4.25479,4.33921,0.7419,0.38562,0.72926,0.40577,0.38331,0.05547,1.59541,2015
Malawi,Sub-Saharan Africa,131,4.292,4.2307,4.3533,0.01604,0.41134,0.22562,0.43054,0.06977,0.33128,2.80791,2015
Sri Lanka,Southern Asia,132,4.271,4.23349,4.30851,0.83524,1.01905,0.70806,0.53726,0.09179,0.40828,0.67108,2015
Cameroon,Sub-Saharan Africa,133,4.252,4.20522,4.29878,0.4225,0.88767,0.23402,0.49309,0.05786,0.20618,1.95071,2015
Bulgaria,Central and Eastern Europe,134,4.218,4.16972,4.26628,1.01216,1.10614,0.76649,0.30587,0.00872,0.11921,0.89991,2015
Egypt,Middle East and Northern Africa,135,4.194,4.1614,4.2266,0.8818,0.747,0.61712,0.17288,0.06324,0.11291,1.59927,2015
Yemen,Middle East and Northern Africa,136,4.077,4.03333,4.12067,0.54649,0.68093,0.40064,0.35571,0.07854,0.09131,1.92313,2015
Angola,Sub-Saharan Africa,137,4.033,3.98542,4.08058,0.75778,0.8604,0.16683,0.10384,0.07122,0.12344,1.94939,2015
Mali,Sub-Saharan Africa,138,3.995,3.93898,4.05102,0.26074,1.03526,0.20583,0.38857,0.12352,0.18798,1.79293,2015
Congo (Brazzaville),Sub-Saharan Africa,139,3.989,3.92218,4.05582,0.67866,0.6629,0.31051,0.41466,0.11686,0.12388,1.68135,2015
Comoros,Sub-Saharan Africa,140,3.956,3.90803,4.00397,0.23906,0.79273,0.36315,0.22917,0.199,0.17441,1.95812,2015
Uganda,Sub-Saharan Africa,141,3.931,3.88783,3.97417,0.21102,1.13299,0.33861,0.45727,0.07267,0.29066,1.42766,2015
Senegal,Sub-Saharan Africa,142,3.904,3.86792,3.94008,0.36498,0.97619,0.4354,0.36772,0.10713,0.20843,1.44395,2015
Gabon,Sub-Saharan Africa,143,3.896,3.85053,3.94147,1.06024,0.90528,0.43372,0.31914,0.11091,0.06822,0.99895,2015
Niger,Sub-Saharan Africa,144,3.845,3.80898,3.88102,0.0694,0.77265,0.29707,0.47692,0.15639,0.19387,1.87877,2015
Cambodia,Southeastern Asia,145,3.819,3.76831,3.86969,0.46038,0.62736,0.61114,0.66246,0.07247,0.40359,0.98195,2015
Tanzania,Sub-Saharan Africa,146,3.781,3.73039,3.83161,0.2852,1.00268,0.38215,0.32878,0.05747,0.34377,1.38079,2015
Madagascar,Sub-Saharan Africa,147,3.681,3.64467,3.71733,0.20824,0.66801,0.46721,0.19184,0.08124,0.21333,1.851,2015
Central African Republic,Sub-Saharan Africa,148,3.678,3.61688,3.73912,0.0785,0,0.06699,0.48879,0.08289,0.23835,2.7223,2015
Chad,Sub-Saharan Africa,149,3.667,3.6287,3.7053,0.34193,0.76062,0.1501,0.23501,0.05269,0.18386,1.94296,2015
Guinea,Sub-Saharan Africa,150,3.656,3.6201,3.6919,0.17417,0.46475,0.24009,0.37725,0.12139,0.28657,1.99172,2015
Ivory Coast,Sub-Saharan Africa,151,3.655,3.60359,3.70641,0.46534,0.77115,0.15185,0.46866,0.17922,0.20165,1.41723,2015
Burkina Faso,Sub-Saharan Africa,152,3.587,3.54376,3.63024,0.25812,0.85188,0.27125,0.39493,0.12832,0.21747,1.46494,2015
Afghanistan,Southern Asia,153,3.575,3.54416,3.60584,0.31982,0.30285,0.30335,0.23414,0.09719,0.3651,1.9521,2015
Rwanda,Sub-Saharan Africa,154,3.465,3.43036,3.49964,0.22208,0.7737,0.42864,0.59201,0.55191,0.22628,0.67042,2015
Benin,Sub-Saharan Africa,155,3.34,3.30344,3.37656,0.28665,0.35386,0.3191,0.4845,0.0801,0.1826,1.63328,2015
Syria,Middle East and Northern Africa,156,3.006,2.95585,3.05615,0.6632,0.47489,0.72193,0.15684,0.18906,0.47179,0.32858,2015
Burundi,Sub-Saharan Africa,157,2.905,2.81842,2.99158,0.0153,0.41587,0.22396,0.1185,0.10062,0.19727,1.83302,2015
Togo,Sub-Saharan Africa,158,2.839,2.77173,2.90627,0.20868,0.13995,0.28443,0.36453,0.10731,0.16681,1.56726,2015
Norway,,1,7.537000179,7.594444821,7.479555538,1.616463184,1.53352356,0.796666503,0.6354225874,0.3159638345,0.3620122373,2.277026653,2017
Denmark,,2,7.521999836,7.581728065,7.462271607,1.482383013,1.551121593,0.7925655246,0.6260067225,0.4007700682,0.3552804887,2.313707352,2017
Iceland,,3,7.504000187,7.622030473,7.385969901,1.48063302,1.610574007,0.8335521221,0.6271626353,0.1535265595,0.4755402207,2.322715282,2017
Switzerland,,4,7.493999958,7.56177242,7.426227496,1.564979553,1.516911745,0.8581312895,0.6200705767,0.3670072854,0.2905492783,2.276716232,2017
Finland,,5,7.468999863,7.527542076,7.41045765,1.443571925,1.540246725,0.8091576695,0.6179508567,0.3826115429,0.2454827726,2.430181503,2017
Netherlands,,6,7.376999855,7.427425841,7.326573869,1.503944635,1.428939223,0.810696125,0.5853844881,0.2826618254,0.4704898298,2.294804096,2017
Canada,,7,7.315999985,7.384402835,7.247597134,1.479204416,1.481348991,0.8345576525,0.6111009121,0.2873715162,0.4355397224,2.187264442,2017
New Zealand,,8,7.31400013,7.379510442,7.248489818,1.405706048,1.548195124,0.8167597055,0.6140621305,0.3828167021,0.500005126,2.046456337,2017
Sweden,,9,7.28399992,7.344094877,7.223904962,1.494387269,1.478162169,0.8308751583,0.612924099,0.3843987286,0.3853992522,2.097537994,2017
Australia,,10,7.28399992,7.356651225,7.211348615,1.484414935,1.510041952,0.8438867927,0.6016073823,0.3011837304,0.47769925,2.065210819,2017
Israel,,11,7.212999821,7.279853256,7.146146385,1.375382423,1.376289964,0.8384039998,0.4059886038,0.08524210006,0.330082655,2.801757336,2017
Costa Rica,,12,7.078999996,7.168111666,6.989888326,1.109706283,1.416403651,0.7595092654,0.58013165,0.1001065895,0.214613229,2.898639202,2017
Austria,,13,7.006000042,7.070669812,6.941330272,1.487097263,1.459944963,0.8153284192,0.5677661896,0.2210603654,0.3164723217,2.138506413,2017
United States,,14,6.993000031,7.074656748,6.911343313,1.546259284,1.419920564,0.7742866278,0.5057405233,0.1356387883,0.3925787807,2.218113422,2017
Ireland,,15,6.977000237,7.043351668,6.910648805,1.535706639,1.558231115,0.8097826242,0.573110342,0.2983881533,0.4278583229,1.773869038,2017
Germany,,16,6.951000214,7.005381569,6.896618858,1.487923384,1.472520351,0.7989507318,0.5625113845,0.2767319381,0.33626917,2.015769958,2017
Belgium,,17,6.890999794,6.95582075,6.826178838,1.463780761,1.462312698,0.8180918694,0.5397707224,0.2513431311,0.2315033376,2.124210358,2017
Luxembourg,,18,6.862999916,6.9236861,6.802313732,1.741943598,1.457583666,0.8450894952,0.5966278911,0.318834424,0.2831809819,1.619512081,2017
United Kingdom,,19,6.714000225,6.783791761,6.644208689,1.44163394,1.49646008,0.8053359389,0.5081900358,0.2654280663,0.4927741587,1.704143524,2017
Chile,,20,6.65199995,6.73925056,6.564749341,1.25278461,1.284024954,0.8194797039,0.3768952787,0.08228798211,0.3266624212,2.509585857,2017
United Arab Emirates,,21,6.647999763,6.722047304,6.573952223,1.626343369,1.266410232,0.7267982364,0.6083452702,0.3244895637,0.3609419465,1.734703541,2017
Brazil,,22,6.635000229,6.725469502,6.544530956,1.10735321,1.431306005,0.6165523529,0.4374537468,0.1110927612,0.1623498946,2.769267082,2017
Czech Republic,,23,6.609000206,6.683862463,6.534137949,1.352682352,1.433885217,0.7544440031,0.4909461737,0.0368729271,0.08810675889,2.451861858,2017
Argentina,,24,6.598999977,6.690085086,6.507914868,1.185295463,1.440451145,0.6951370835,0.4945192039,0.05973988771,0.1094570607,2.614005327,2017
Mexico,,25,6.578000069,6.671148908,6.48485123,1.153183818,1.21086216,0.7099789977,0.4127300084,0.1327741146,0.1209904328,2.837154865,2017
Singapore,,26,6.572000027,6.636723069,6.507276984,1.69227767,1.353814363,0.9494923949,0.5498405695,0.464307785,0.3459659815,1.216362,2017
Malta,,27,6.52699995,6.598396773,6.455603128,1.343279839,1.488411665,0.8219442368,0.5887670517,0.1530660689,0.5747305751,1.556862831,2017
Uruguay,,28,6.453999996,6.545906218,6.362093775,1.217559695,1.412227869,0.7192168236,0.5793922544,0.1780618727,0.1750969291,2.172409534,2017
Guatemala,,29,6.453999996,6.566873973,6.34112602,0.872001946,1.255585194,0.5402399898,0.5313106179,0.07722327858,0.2834883928,2.893891096,2017
Panama,,30,6.452000141,6.557130716,6.346869566,1.233748436,1.373192549,0.7061561346,0.550026834,0.07098392397,0.2105569392,2.307199955,2017
France,,31,6.441999912,6.515767802,6.368232022,1.430923462,1.387776852,0.8444658518,0.4702221155,0.1725024283,0.1297623068,2.005954742,2017
Thailand,,32,6.423999786,6.509116856,6.338882717,1.127868772,1.425792456,0.6472390294,0.5802007318,0.03161273524,0.5721231103,2.039508343,2017
Taiwan Province of China,,33,6.421999931,6.494596022,6.349403841,1.433626533,1.384565353,0.7939842343,0.3614665866,0.06382923573,0.2583604753,2.126607418,2017
Spain,,34,6.402999878,6.471054845,6.334944911,1.384397864,1.532090902,0.8889605999,0.4087812304,0.07091409713,0.1901335716,1.92775774,2017
Qatar,,35,6.375,6.568476814,6.181523186,1.870765686,1.27429688,0.7100980878,0.6041309834,0.4392992556,0.33047387,1.14546442,2017
Colombia,,36,6.356999874,6.452020054,6.261979694,1.070622325,1.402182937,0.5950279236,0.4774874151,0.04666874185,0.149014473,2.616068125,2017
Saudi Arabia,,37,6.343999863,6.444166612,6.243833113,1.530623555,1.286677599,0.5901483297,0.4497505724,0.2734322548,0.1476160139,2.065429688,2017
Trinidad and Tobago,,38,6.168000221,6.381533891,5.954466552,1.361355901,1.380228519,0.5199832916,0.518630743,0.008964816108,0.3252964616,2.053247452,2017
Kuwait,,39,6.105000019,6.191956989,6.018043049,1.632952452,1.259698749,0.6321057081,0.4963375926,0.2151595503,0.2282897979,1.640425205,2017
Slovakia,,40,6.09800005,6.177348412,6.018651687,1.325393558,1.505059242,0.7127329111,0.2958174646,0.02421085164,0.1365444809,2.097776651,2017
Bahrain,,41,6.086999893,6.178989068,5.995010719,1.488412261,1.323110461,0.6531330347,0.5367469192,0.2570421696,0.1726684868,1.656149387,2017
Malaysia,,42,6.084000111,6.179979637,5.988020585,1.29121542,1.284646034,0.6187844276,0.4022649825,0.06560070813,0.4166089296,2.004448891,2017
Nicaragua,,43,6.071000099,6.1865836,5.955416598,0.7372992039,1.28721571,0.6530959606,0.4475518465,0.1306879818,0.301674217,2.513930559,2017
Ecuador,,44,6.007999897,6.105847675,5.910152119,1.000820398,1.286168814,0.6856362224,0.4551981986,0.1401346475,0.150112465,2.290352583,2017
El Salvador,,45,6.002999783,6.108635122,5.897364443,0.9097844958,1.182125092,0.5960185528,0.4324525297,0.08998095989,0.07825798541,2.714593887,2017
Poland,,46,5.97300005,6.053908341,5.892091758,1.291787863,1.44571197,0.699475348,0.5203421116,0.05930780619,0.1584659666,1.797722816,2017
Uzbekistan,,47,5.971000195,6.065537573,5.876462816,0.7864410877,1.54896915,0.4982726276,0.6582486629,0.2465282232,0.4159836471,1.816913605,2017
Italy,,48,5.964000225,6.042736906,5.885263544,1.395066619,1.444923282,0.8531443477,0.2564507127,0.02802809142,0.1727896482,1.813312054,2017
Russia,,49,5.962999821,6.030274907,5.895724734,1.281778097,1.469282389,0.5473493338,0.3737831116,0.03296288103,0.05226382241,2.205607414,2017
Belize,,50,5.955999851,6.197242318,5.714757385,0.907975316,1.081417799,0.450191766,0.5475093722,0.09658107162,0.2400156409,2.631955624,2017
Japan,,51,5.920000076,5.990719445,5.849280708,1.416915178,1.436337829,0.9134758711,0.505625546,0.1637607366,0.1205727682,1.363223553,2017
Lithuania,,52,5.90199995,5.982669641,5.821330259,1.314582348,1.473516107,0.6289499402,0.2342317849,0.01186564285,0.01016465668,2.228440523,2017
Algeria,,53,5.872000217,5.978286434,5.765714001,1.091864467,1.146217465,0.6175846457,0.2333358079,0.1460961103,0.069436647,2.567603827,2017
Latvia,,54,5.849999905,5.920263538,5.779736271,1.260748625,1.404714942,0.6385669708,0.3257079124,0.07384272665,0.1530747861,1.993655205,2017
South Korea,,55,5.837999821,5.922559028,5.753440613,1.401678443,1.128274441,0.900214076,0.2579216659,0.06328266859,0.2066743672,1.880378008,2017
Moldova,,56,5.837999821,5.908370838,5.767628803,0.7288706303,1.251825571,0.5894652009,0.2407290488,0.01009128615,0.2087791264,2.807808399,2017
Romania,,57,5.824999809,5.919694157,5.730305462,1.217683911,1.15009129,0.6851583123,0.4570037425,0.004387900699,0.1335199177,2.176831484,2017
Bolivia,,58,5.822999954,5.903976903,5.742023006,0.833756566,1.227619052,0.4736302495,0.5587329268,0.06047772616,0.2255607247,2.443279028,2017
Turkmenistan,,59,5.822000027,5.885180876,5.758819178,1.130776763,1.493149161,0.4377260804,0.418271929,0.2592703402,0.2499249876,1.832909822,2017
Kazakhstan,,60,5.818999767,5.903641775,5.73435776,1.28455627,1.384369016,0.6060415506,0.4374542832,0.1192828864,0.2019644231,1.784892559,2017
North Cyprus,,61,5.809999943,5.897366465,5.722633421,1.346911311,1.186303377,0.8346472383,0.4712036252,0.1553533524,0.2668457031,1.549157619,2017
Slovenia,,62,5.757999897,5.84222516,5.673774634,1.341205955,1.452518821,0.790828228,0.5725758076,0.04512897879,0.2426490933,1.313317299,2017
Peru,,63,5.715000153,5.811946779,5.618053527,1.035225272,1.218770385,0.6301661134,0.4500028789,0.04704908654,0.1268197149,2.20726943,2017
Mauritius,,64,5.629000187,5.729862192,5.528138182,1.189395547,1.20956099,0.638007462,0.4912473261,0.04218155518,0.3609337509,1.697583914,2017
Cyprus,,65,5.620999813,5.714692699,5.527306927,1.355938077,1.131363273,0.8447147012,0.3551115394,0.0412379764,0.2712543011,1.621249199,2017
Estonia,,66,5.611000061,5.688139874,5.533860248,1.32087934,1.4766711,0.6951683164,0.4791314304,0.1832489222,0.0988908112,1.357508659,2017
Belarus,,67,5.568999767,5.646114244,5.491885291,1.15655756,1.444945216,0.6377142668,0.2954002619,0.1563138217,0.1551375091,1.723232985,2017
Libya,,68,5.525000095,5.676953807,5.373046384,1.101803064,1.35756433,0.5201690197,0.4657332301,0.09261021018,0.1520736665,1.835011244,2017
Turkey,,69,5.5,5.594864963,5.405135037,1.198274374,1.337753177,0.6376056075,0.3007405996,0.0996715799,0.04669304192,1.879277945,2017
Paraguay,,70,5.493000031,5.57738127,5.408618791,0.9325373173,1.50728488,0.5792506933,0.4735077918,0.09106591344,0.2241506577,1.68533349,2017
"Hong Kong S.A.R., China",,71,5.472000122,5.549594173,5.394406071,1.551674843,1.262790918,0.9430624247,0.4909686446,0.2939337492,0.3744657934,0.5546331406,2017
Philippines,,72,5.429999828,5.545335054,5.314664602,0.8576992154,1.253917575,0.4680090547,0.5852146745,0.09933189303,0.1935134232,1.972604752,2017
Serbia,,73,5.394999981,5.491569656,5.298430306,1.069317579,1.258189797,0.6507846713,0.2087155282,0.04090378061,0.2201258838,1.947084427,2017
Jordan,,74,5.335999966,5.448410022,5.223589909,0.9910123944,1.239088893,0.6045900583,0.4184211493,0.1198032722,0.1721704602,1.791176558,2017
Hungary,,75,5.323999882,5.403039709,5.244960054,1.286011934,1.343133092,0.6877634525,0.1758635193,0.03663693741,0.07840166241,1.716459274,2017
Jamaica,,76,5.31099987,5.581398728,5.040601012,0.9255793095,1.368218064,0.6410223842,0.4743072391,0.05526778102,0.2338183373,1.612325668,2017
Croatia,,77,5.293000221,5.391777205,5.194223238,1.222556233,0.9679830074,0.7012885213,0.2557722926,0.04310311005,0.2480029762,1.854492426,2017
Kosovo,,78,5.278999805,5.364847995,5.193151615,0.9514843822,1.137853503,0.5414520502,0.2602879405,0.05747161806,0.3199314475,2.010540724,2017
China,,79,5.272999763,5.31927809,5.226721437,1.081165791,1.160837412,0.7414155006,0.472787708,0.02279427461,0.028806841,1.764938593,2017
Pakistan,,80,5.269000053,5.359983641,5.178016465,0.7268835306,0.6726906896,0.4020477831,0.2352152616,0.1243480667,0.3154460192,2.79248929,2017
Indonesia,,81,5.262000084,5.352888598,5.17111157,0.9955385923,1.274444699,0.4923457205,0.4433234632,0.01531713549,0.6117045879,1.429476976,2017
Venezuela,,82,5.25,5.370031946,5.129968054,1.128431201,1.431337595,0.617144227,0.1539971232,0.06449112296,0.0650196299,1.789463758,2017
Montenegro,,83,5.236999989,5.341044441,5.132955537,1.121129036,1.238376498,0.6674646735,0.1949890554,0.0881741941,0.1979110241,1.729191542,2017
Morocco,,84,5.235000134,5.318340965,5.151659302,0.8781145811,0.7748644352,0.597710669,0.4081583321,0.08776318282,0.03220995516,2.456189394,2017
Azerbaijan,,85,5.234000206,5.299286535,5.168713877,1.153601766,1.152400255,0.5407757759,0.3981558383,0.1809875071,0.04526934028,1.762481689,2017
Dominican Republic,,86,5.230000019,5.349060885,5.110939153,1.079373837,1.402416706,0.5748737454,0.5525898337,0.1139452532,0.1869678497,1.31946516,2017
Greece,,87,5.227000237,5.325246169,5.128754304,1.289487481,1.239414573,0.8101989031,0.09573125094,0.04328977689,0,1.749221563,2017
Lebanon,,88,5.224999905,5.318882288,5.131117521,1.074987531,1.129624248,0.7350810766,0.288515985,0.03751382977,0.2644507587,1.695073843,2017
Portugal,,89,5.195000172,5.285041733,5.10495861,1.315175295,1.367043018,0.7958435416,0.4984652996,0.01586945169,0.09510271251,1.107682705,2017
Bosnia and Herzegovina,,90,5.18200016,5.276335687,5.087664634,0.9824094176,1.069335938,0.7051863074,0.2044031769,0,0.3288674951,1.892172575,2017
Honduras,,91,5.181000233,5.301582797,5.060417669,0.7305731177,1.143944979,0.5825694799,0.3480798602,0.07334545255,0.2361888736,2.065811157,2017
Macedonia,,92,5.175000191,5.27217264,5.077827742,1.064577937,1.207893014,0.6449481845,0.3259059787,0.06027779356,0.2537609637,1.617469311,2017
Somalia,,93,5.151000023,5.24248371,5.059516336,0.02264318429,0.7211513519,0.1139891371,0.602126956,0.2824103236,0.2916313112,3.11748457,2017
Vietnam,,94,5.073999882,5.147280765,5.000718999,0.7885475755,1.277491331,0.6521689892,0.5710555911,0.08763323724,0.2349680513,1.462318659,2017
Nigeria,,95,5.073999882,5.209500135,4.938499628,0.7837562561,1.215770483,0.05691573024,0.3949525654,0.02612156607,0.2309471965,2.365390539,2017
Tajikistan,,96,5.040999889,5.111425596,4.970574183,0.5247136354,1.271463275,0.5292351246,0.4715667069,0.1463771462,0.2489976436,1.84904933,2017
Bhutan,,97,5.011000156,5.079334562,4.942665751,0.8854163885,1.340126514,0.4958792925,0.5015376806,0.1733803898,0.4740545452,1.140184402,2017
Kyrgyzstan,,98,5.004000187,5.089919903,4.918080471,0.5962200761,1.394238591,0.5534577966,0.4549433887,0.039439179,0.4285803735,1.536723137,2017
Nepal,,99,4.961999893,5.067356079,4.856643707,0.4798201919,1.179283261,0.5041307807,0.4403059483,0.07297554612,0.3940961659,1.891241074,2017
Mongolia,,100,4.954999924,5.021679509,4.888320338,1.027235866,1.493011236,0.5577834845,0.3941439688,0.03290228918,0.3384642303,1.111292362,2017
South Africa,,101,4.828999996,4.929435188,4.728564805,1.054698706,1.384788632,0.1870800704,0.4792467356,0.0725094974,0.1393623799,1.510908604,2017
Tunisia,,102,4.804999828,4.884367007,4.72563265,1.007265806,0.8683514595,0.613212049,0.2896806896,0.08672314882,0.0496933572,1.89025116,2017
Palestinian Territories,,103,4.775000095,4.881848343,4.668151848,0.7162492275,1.155647159,0.5656669736,0.2547110617,0.08928260207,0.1141731739,1.878890276,2017
Egypt,,104,4.735000134,4.82513379,4.644866477,0.9897018075,0.9974713922,0.5201872587,0.2821101546,0.1143813655,0.1286314428,1.702161074,2017
Bulgaria,,105,4.714000225,4.803694706,4.624305744,1.161459088,1.434379458,0.7082176805,0.2892317176,0.01105153095,0.1131776944,0.9961392879,2017
Sierra Leone,,106,4.709000111,4.850643335,4.567356886,0.3684209287,0.984136045,0.005564753897,0.318697691,0.07109517604,0.2930409014,2.668459892,2017
Cameroon,,107,4.695000172,4.796540857,4.593459486,0.5643053651,0.946018219,0.1328921169,0.4303887486,0.05130663142,0.2362984568,2.333645582,2017
Iran,,108,4.691999912,4.798224708,4.585775117,1.156873107,0.711551249,0.6393331885,0.2493226081,0.0487610735,0.3872429132,1.498734951,2017
Albania,,109,4.644000053,4.752464006,4.5355361,0.9961927533,0.8036852479,0.7311597466,0.3814986348,0.039864216,0.2013129443,1.490441561,2017
Bangladesh,,110,4.607999802,4.689821658,4.526177945,0.5866829753,0.7351317406,0.5332410336,0.4783566594,0.1237178594,0.1722553521,1.978736162,2017
Namibia,,111,4.573999882,4.770354741,4.377645023,0.9644343257,1.098470807,0.3386118114,0.5203035474,0.09314697236,0.07713374496,1.481890202,2017
Kenya,,112,4.552999973,4.655691591,4.450308356,0.5604794621,1.067950726,0.3099883497,0.4527637661,0.06464131922,0.4448603094,1.651902199,2017
Mozambique,,113,4.550000191,4.774102326,4.325898055,0.23430565,0.870701015,0.1066544354,0.4807910919,0.1794363856,0.3222281039,2.355650902,2017
Myanmar,,114,4.545000076,4.614739946,4.475260206,0.3671105504,1.123235941,0.3975225687,0.5144920349,0.1888162047,0.838075161,1.115290403,2017
Senegal,,115,4.534999847,4.601603781,4.468395914,0.4793090224,1.179691911,0.4093628526,0.3779222667,0.115460448,0.1834688932,1.789646149,2017
Zambia,,116,4.513999939,4.644105501,4.383894376,0.6364067793,1.003187299,0.2578358948,0.4616034925,0.07821355015,0.2495801449,1.826705456,2017
Iraq,,117,4.497000217,4.62259141,4.371409025,1.102710485,0.9786131978,0.50118047,0.2885555327,0.1072157547,0.199637264,1.318907261,2017
Gabon,,118,4.465000153,4.557361766,4.37263854,1.198210239,1.155620217,0.3565785885,0.312328577,0.0760467872,0.04378537834,1.322916269,2017
Ethiopia,,119,4.460000038,4.542728677,4.3772714,0.3392338455,0.8646692038,0.3534097075,0.4088427424,0.1654557139,0.3126507401,2.015743732,2017
Sri Lanka,,120,4.440000057,4.553447192,4.326552922,1.009850144,1.259976387,0.6251308322,0.5612132549,0.07365396619,0.4908635616,0.4193892479,2017
Armenia,,121,4.375999928,4.466734612,4.285265243,0.9005967379,1.007483721,0.637524426,0.1983032674,0.0266744215,0.08348809183,1.521499157,2017
India,,122,4.315000057,4.371522017,4.258478097,0.7922212481,0.7543725967,0.4554276168,0.469987005,0.09222688526,0.2315384895,1.519117117,2017
Mauritania,,123,4.291999817,4.377163616,4.206836018,0.6484572887,1.27203083,0.2853492796,0.09609804302,0.1369570047,0.2018700242,1.651637316,2017
Congo (Brazzaville),,124,4.290999889,4.410053505,4.171946274,0.8089642525,0.832044363,0.2899574339,0.4350258708,0.0796181336,0.1208521277,1.724135637,2017
Georgia,,125,4.285999775,4.374933966,4.197065584,0.9506126642,0.570614934,0.6495469809,0.3094100356,0.2516666353,0.05400881544,1.500137806,2017
Congo (Kinshasa),,126,4.28000021,4.357810833,4.202189587,0.0921023488,1.229023457,0.1914070249,0.2359613478,0.06024135649,0.2464558333,2.224958658,2017
Mali,,127,4.190000057,4.269670711,4.110329403,0.4761804938,1.281473398,0.1693656743,0.3066137433,0.1049702466,0.1833541989,1.668190956,2017
Ivory Coast,,128,4.179999828,4.275182563,4.084817093,0.6030489206,0.9047800303,0.04864216968,0.4477061927,0.1300617754,0.2012374699,1.844964266,2017
Cambodia,,129,4.168000221,4.278517814,4.057482629,0.6017650962,1.006238341,0.4297834039,0.6333758235,0.06810595095,0.3859229684,1.042941093,2017
Sudan,,130,4.138999939,4.345747165,3.932252713,0.6595166922,1.21400857,0.2909208238,0.01499585528,0.08984751999,0.1823174506,1.68706584,2017
Ghana,,131,4.119999886,4.222707209,4.017292563,0.6672248244,0.8736647367,0.2956377268,0.4230262935,0.02533636987,0.2569239438,1.577867508,2017
Ukraine,,132,4.096000195,4.185410105,4.006590285,0.8946519494,1.394537568,0.5759039521,0.1229747757,0.02302947082,0.2700614631,0.8143823147,2017
Uganda,,133,4.080999851,4.195799967,3.966199735,0.3814307153,1.129827738,0.2176326066,0.4431859553,0.05706971884,0.3257660568,1.526362658,2017
Burkina Faso,,134,4.032000065,4.124059064,3.939941065,0.3502277136,1.043280005,0.2158442587,0.324367851,0.120328106,0.2508646846,1.727212906,2017
Niger,,135,4.027999878,4.11194682,3.944052936,0.1619253308,0.9930250049,0.268505007,0.3636586964,0.1385729462,0.2286738455,1.873983383,2017
Malawi,,136,3.970000029,4.077478817,3.86252124,0.2334420383,0.5125688314,0.3150895834,0.4669146538,0.07271165401,0.2871704698,2.081786156,2017
Chad,,137,3.936000109,4.034711524,3.837288693,0.4380129874,0.9538558722,0.04113471508,0.1623420268,0.05358188227,0.2161138505,2.071238041,2017
Zimbabwe,,138,3.875,3.978699643,3.771300357,0.375846535,1.083095908,0.1967637539,0.336384207,0.09537538141,0.1891434938,1.597970247,2017
Lesotho,,139,3.808000088,4.044343975,3.5716562,0.5210212469,1.190095186,0,0.3906612992,0.11909464,0.1574972719,1.42983532,2017
Angola,,140,3.795000076,3.951641935,3.638358217,0.8584281802,1.10441196,0.04986866564,0,0.0697203353,0.09792649001,1.614482403,2017
Afghanistan,,141,3.79399991,3.873661415,3.714338405,0.4014772177,0.5815433264,0.1807467788,0.1061795205,0.06115783006,0.3118709326,2.150801182,2017
Botswana,,142,3.766000032,3.874122666,3.657877399,1.122094154,1.221554995,0.3417555094,0.5051963329,0.09858319908,0.09934844822,0.3779137135,2017
Benin,,143,3.657000065,3.745783551,3.568216578,0.4310854077,0.4352998435,0.2099302113,0.4259627759,0.06092901528,0.2079484612,1.885630965,2017
Madagascar,,144,3.644000053,3.714319106,3.573681001,0.3058086932,0.9130203724,0.3752233088,0.1891967654,0.0672319755,0.2087325305,1.584612608,2017
Haiti,,145,3.602999926,3.734714798,3.471285053,0.3686102629,0.6404498219,0.27732113,0.03036985733,0.09987214953,0.4892037809,1.697167635,2017
Yemen,,146,3.592999935,3.69275032,3.49324955,0.5916834474,0.935382247,0.3100809157,0.2494637221,0.05676742271,0.1041252092,1.345600605,2017
South Sudan,,147,3.59100008,3.725538586,3.456461574,0.3972486258,0.6013231277,0.1634860039,0.1470624357,0.1167935133,0.2856708169,1.879567385,2017
Liberia,,148,3.532999992,3.653756261,3.412243724,0.119041793,0.8721179366,0.2299181968,0.3328811824,0.03894824907,0.2665498853,1.673285961,2017
Guinea,,149,3.506999969,3.584428129,3.42957181,0.2445499301,0.7912446856,0.1941291392,0.348587513,0.1109376177,0.2648150921,1.552311897,2017
Togo,,150,3.494999886,3.594038112,3.395961659,0.3054447174,0.4318825305,0.2471055686,0.3804261386,0.09566501528,0.1968961507,1.837229252,2017
Rwanda,,151,3.470999956,3.543030234,3.398969679,0.3687458932,0.9457070231,0.3264248073,0.581843853,0.4552200139,0.2527560294,0.5400612354,2017
Syria,,152,3.461999893,3.663668557,3.26033123,0.7771531343,0.3961026073,0.5005333424,0.08153944463,0.1513471305,0.4936637282,1.061573505,2017
Tanzania,,153,3.348999977,3.461429755,3.236570199,0.5111358762,1.041989803,0.3645092845,0.3900177777,0.06603510678,0.3542563617,0.6211304665,2017
Burundi,,154,2.904999971,3.074690333,2.73530961,0.09162256867,0.6297935843,0.1516107917,0.0599007532,0.08414794505,0.2044351846,1.683024168,2017
Central African Republic,,155,2.693000078,2.864884269,2.521115887,0,0,0.0187726859,0.2708420455,0.05656507611,0.2808764875,2.066004753,2017
Denmark,Western Europe,1,7.526,7.46,7.592,1.44178,1.16374,0.79504,0.57941,0.44453,0.36171,2.73939,2016
Switzerland,Western Europe,2,7.509,7.428,7.59,1.52733,1.14524,0.86303,0.58557,0.41203,0.28083,2.69463,2016
Iceland,Western Europe,3,7.501,7.333,7.669,1.42666,1.18326,0.86733,0.56624,0.14975,0.47678,2.83137,2016
Norway,Western Europe,4,7.498,7.421,7.575,1.57744,1.1269,0.79579,0.59609,0.35776,0.37895,2.66465,2016
Finland,Western Europe,5,7.413,7.351,7.475,1.40598,1.13464,0.81091,0.57104,0.41004,0.25492,2.82596,2016
Canada,North America,6,7.404,7.335,7.473,1.44015,1.0961,0.8276,0.5737,0.31329,0.44834,2.70485,2016
Netherlands,Western Europe,7,7.339,7.284,7.394,1.46468,1.02912,0.81231,0.55211,0.29927,0.47416,2.70749,2016
New Zealand,Australia and New Zealand,8,7.334,7.264,7.404,1.36066,1.17278,0.83096,0.58147,0.41904,0.49401,2.47553,2016
Australia,Australia and New Zealand,9,7.313,7.241,7.385,1.44443,1.10476,0.8512,0.56837,0.32331,0.47407,2.5465,2016
Sweden,Western Europe,10,7.291,7.227,7.355,1.45181,1.08764,0.83121,0.58218,0.40867,0.38254,2.54734,2016
Israel,Middle East and Northern Africa,11,7.267,7.199,7.335,1.33766,0.99537,0.84917,0.36432,0.08728,0.32288,3.31029,2016
Austria,Western Europe,12,7.119,7.045,7.193,1.45038,1.08383,0.80565,0.54355,0.21348,0.32865,2.69343,2016
United States,North America,13,7.104,7.02,7.188,1.50796,1.04782,0.779,0.48163,0.14868,0.41077,2.72782,2016
Costa Rica,Latin America and Caribbean,14,7.087,6.999,7.175,1.06879,1.02152,0.76146,0.55225,0.10547,0.22553,3.35168,2016
Puerto Rico,Latin America and Caribbean,15,7.039,6.794,7.284,1.35943,1.08113,0.77758,0.46823,0.12275,0.22202,3.0076,2016
Germany,Western Europe,16,6.994,6.93,7.058,1.44787,1.09774,0.81487,0.53466,0.28551,0.30452,2.50931,2016
Brazil,Latin America and Caribbean,17,6.952,6.875,7.029,1.08754,1.03938,0.61415,0.40425,0.14166,0.15776,3.50733,2016
Belgium,Western Europe,18,6.929,6.861,6.997,1.42539,1.05249,0.81959,0.51354,0.26248,0.2424,2.61355,2016
Ireland,Western Europe,19,6.907,6.836,6.978,1.48341,1.16157,0.81455,0.54008,0.29754,0.44963,2.15988,2016
Luxembourg,Western Europe,20,6.871,6.804,6.938,1.69752,1.03999,0.84542,0.5487,0.35329,0.27571,2.11055,2016
Mexico,Latin America and Caribbean,21,6.778,6.68,6.876,1.11508,0.7146,0.71143,0.37709,0.18355,0.11735,3.55906,2016
Singapore,Southeastern Asia,22,6.739,6.674,6.804,1.64555,0.86758,0.94719,0.4877,0.46987,0.32706,1.99375,2016
United Kingdom,Western Europe,23,6.725,6.647,6.803,1.40283,1.08672,0.80991,0.50036,0.27399,0.50156,2.14999,2016
Chile,Latin America and Caribbean,24,6.705,6.615,6.795,1.2167,0.90587,0.81883,0.37789,0.11451,0.31595,2.95505,2016
Panama,Latin America and Caribbean,25,6.701,6.601,6.801,1.18306,0.98912,0.70835,0.48927,0.08423,0.2418,3.00559,2016
Argentina,Latin America and Caribbean,26,6.65,6.56,6.74,1.15137,1.06612,0.69711,0.42284,0.07296,0.10989,3.12985,2016
Czech Republic,Central and Eastern Europe,27,6.596,6.515,6.677,1.30915,1.00793,0.76376,0.41418,0.03986,0.09929,2.96211,2016
United Arab Emirates,Middle East and Northern Africa,28,6.573,6.494,6.652,1.57352,0.87114,0.72993,0.56215,0.35561,0.26591,2.21507,2016
Uruguay,Latin America and Caribbean,29,6.545,6.456,6.634,1.18157,1.03143,0.72183,0.54388,0.21394,0.18056,2.67139,2016
Malta,Western Europe,30,6.488,6.409,6.567,1.30782,1.09879,0.80315,0.54994,0.17554,0.56237,1.99032,2016
Colombia,Latin America and Caribbean,31,6.481,6.384,6.578,1.03032,1.02169,0.59659,0.44735,0.05399,0.15626,3.17471,2016
France,Western Europe,32,6.478,6.397,6.559,1.39488,1.00508,0.83795,0.46562,0.17808,0.1216,2.4744,2016
Thailand,Southeastern Asia,33,6.474,6.396,6.552,1.0893,1.04477,0.64915,0.49553,0.02833,0.58696,2.5796,2016
Saudi Arabia,Middle East and Northern Africa,34,6.379,6.287,6.471,1.48953,0.84829,0.59267,0.37904,0.30008,0.15457,2.61482,2016
Taiwan,Eastern Asia,34,6.379,6.305,6.453,1.39729,0.92624,0.79565,0.32377,0.0663,0.25495,2.61523,2016
Qatar,Middle East and Northern Africa,36,6.375,6.178,6.572,1.82427,0.87964,0.71723,0.56679,0.48049,0.32388,1.58224,2016
Spain,Western Europe,37,6.361,6.288,6.434,1.34253,1.12945,0.87896,0.37545,0.06137,0.17665,2.39663,2016
Algeria,Middle East and Northern Africa,38,6.355,6.227,6.483,1.05266,0.83309,0.61804,0.21006,0.16157,0.07044,3.40904,2016
Guatemala,Latin America and Caribbean,39,6.324,6.213,6.435,0.83454,0.87119,0.54039,0.50379,0.08701,0.28808,3.19863,2016
Suriname,Latin America and Caribbean,40,6.269,6.073,6.465,1.09686,0.77866,0.50933,0.52234,0.12692,0.16665,3.06852,2016
Kuwait,Middle East and Northern Africa,41,6.239,6.154,6.324,1.61714,0.87758,0.63569,0.43166,0.23669,0.15965,2.28085,2016
Bahrain,Middle East and Northern Africa,42,6.218,6.128,6.308,1.44024,0.94397,0.65696,0.47375,0.25772,0.17147,2.27405,2016
Trinidad and Tobago,Latin America and Caribbean,43,6.168,5.95,6.386,1.32572,0.98569,0.52608,0.48453,0.01241,0.31935,2.51394,2016
Venezuela,Latin America and Caribbean,44,6.084,5.973,6.195,1.13367,1.03302,0.61904,0.19847,0.08304,0.0425,2.97468,2016
Slovakia,Central and Eastern Europe,45,6.078,5.996,6.16,1.27973,1.08268,0.70367,0.23391,0.02947,0.13837,2.61065,2016
El Salvador,Latin America and Caribbean,46,6.068,5.967,6.169,0.8737,0.80975,0.596,0.37269,0.10613,0.08877,3.22134,2016
Malaysia,Southeastern Asia,47,6.005,5.921,6.089,1.25142,0.88025,0.62366,0.39031,0.09081,0.41474,2.35384,2016
Nicaragua,Latin America and Caribbean,48,5.992,5.877,6.107,0.69384,0.89521,0.65213,0.46582,0.16292,0.29773,2.82428,2016
Uzbekistan,Central and Eastern Europe,49,5.987,5.896,6.078,0.73591,1.1681,0.50163,0.60848,0.28333,0.34326,2.34638,2016
Italy,Western Europe,50,5.977,5.898,6.056,1.35495,1.04167,0.85102,0.18827,0.02556,0.16684,2.34918,2016
Ecuador,Latin America and Caribbean,51,5.976,5.88,6.072,0.97306,0.85974,0.68613,0.4027,0.18037,0.10074,2.77366,2016
Belize,Latin America and Caribbean,52,5.956,5.71,6.202,0.87616,0.68655,0.45569,0.51231,0.10771,0.23684,3.08039,2016
Japan,Eastern Asia,53,5.921,5.85,5.992,1.38007,1.06054,0.91491,0.46761,0.18985,0.10224,1.80584,2016
Kazakhstan,Central and Eastern Europe,54,5.919,5.837,6.001,1.22943,0.95544,0.57386,0.4052,0.11132,0.15011,2.49325,2016
Moldova,Central and Eastern Europe,55,5.897,5.823,5.971,0.69177,0.83132,0.52309,0.25202,0.01903,0.19997,3.38007,2016
Russia,Central and Eastern Europe,56,5.856,5.789,5.923,1.23228,1.05261,0.58991,0.32682,0.03586,0.02736,2.59115,2016
Poland,Central and Eastern Europe,57,5.835,5.749,5.921,1.24585,1.04685,0.69058,0.4519,0.055,0.14443,2.20035,2016
South Korea,Eastern Asia,57,5.835,5.747,5.923,1.35948,0.72194,0.88645,0.25168,0.07716,0.18824,2.35015,2016
Bolivia,Latin America and Caribbean,59,5.822,5.74,5.904,0.79422,0.83779,0.4697,0.50961,0.07746,0.21698,2.91635,2016
Lithuania,Central and Eastern Europe,60,5.813,5.734,5.892,1.2692,1.06411,0.64674,0.18929,0.0182,0.02025,2.60525,2016
Belarus,Central and Eastern Europe,61,5.802,5.723,5.881,1.13062,1.04993,0.63104,0.29091,0.17457,0.13942,2.38582,2016
North Cyprus,Western Europe,62,5.771,5.67,5.872,1.31141,0.81826,0.84142,0.43596,0.16578,0.26322,1.93447,2016
Slovenia,Central and Eastern Europe,63,5.768,5.683,5.853,1.29947,1.05613,0.79151,0.53164,0.03635,0.25738,1.79522,2016
Peru,Latin America and Caribbean,64,5.743,5.647,5.839,0.99602,0.81255,0.62994,0.37502,0.05292,0.14527,2.73117,2016
Turkmenistan,Central and Eastern Europe,65,5.658,5.58,5.736,1.08017,1.03817,0.44006,0.37408,0.28467,0.22567,2.21489,2016
Mauritius,Sub-Saharan Africa,66,5.648,5.507,5.789,1.14372,0.75695,0.66189,0.46145,0.05203,0.36951,2.20223,2016
Libya,Middle East and Northern Africa,67,5.615,5.406,5.824,1.06688,0.95076,0.52304,0.40672,0.10339,0.17087,2.39374,2016
Latvia,Central and Eastern Europe,68,5.56,5.486,5.634,1.21788,0.95025,0.63952,0.27996,0.0889,0.17445,2.20859,2016
Cyprus,Western Europe,69,5.546,5.442,5.65,1.31857,0.70697,0.8488,0.29507,0.05228,0.27906,2.04497,2016
Paraguay,Latin America and Caribbean,70,5.538,5.453,5.623,0.89373,1.11111,0.58295,0.46235,0.07396,0.25296,2.16091,2016
Romania,Central and Eastern Europe,71,5.528,5.427,5.629,1.1697,0.72803,0.67602,0.36712,0.00679,0.12889,2.45184,2016
Estonia,Central and Eastern Europe,72,5.517,5.437,5.597,1.27964,1.05163,0.68098,0.41511,0.18519,0.08423,1.81985,2016
Jamaica,Latin America and Caribbean,73,5.51,5.315,5.705,0.89333,0.96372,0.59469,0.43597,0.04294,0.22245,2.35682,2016
Croatia,Central and Eastern Europe,74,5.488,5.402,5.574,1.18649,0.60809,0.70524,0.23907,0.04002,0.18434,2.52462,2016
Hong Kong,Eastern Asia,75,5.458,5.362,5.554,1.5107,0.87021,0.95277,0.48079,0.31647,0.40097,0.92614,2016
Somalia,Sub-Saharan Africa,76,5.44,5.321,5.559,0,0.33613,0.11466,0.56778,0.3118,0.27225,3.83772,2016
Kosovo,Central and Eastern Europe,77,5.401,5.308,5.494,0.90145,0.66062,0.54,0.14396,0.06547,0.27992,2.80998,2016
Turkey,Middle East and Northern Africa,78,5.389,5.295,5.483,1.16492,0.87717,0.64718,0.23889,0.12348,0.04707,2.29074,2016
Indonesia,Southeastern Asia,79,5.314,5.237,5.391,0.95104,0.87625,0.49374,0.39237,0.00322,0.56521,2.03171,2016
Jordan,Middle East and Northern Africa,80,5.303,5.187,5.419,0.99673,0.86216,0.60712,0.36023,0.13297,0.14262,2.20142,2016
Azerbaijan,Central and Eastern Europe,81,5.291,5.226,5.356,1.12373,0.76042,0.54504,0.35327,0.17914,0.0564,2.2735,2016
Philippines,Southeastern Asia,82,5.279,5.16,5.398,0.81217,0.87877,0.47036,0.54854,0.11757,0.21674,2.23484,2016
China,Eastern Asia,83,5.245,5.199,5.291,1.0278,0.79381,0.73561,0.44012,0.02745,0.04959,2.17087,2016
Bhutan,Southern Asia,84,5.196,5.138,5.254,0.8527,0.90836,0.49759,0.46074,0.1616,0.48546,1.82916,2016
Kyrgyzstan,Central and Eastern Europe,85,5.185,5.103,5.267,0.56044,0.95434,0.55449,0.40212,0.04762,0.38432,2.28136,2016
Serbia,Central and Eastern Europe,86,5.177,5.083,5.271,1.03437,0.81329,0.6458,0.15718,0.04339,0.20737,2.27539,2016
Bosnia and Herzegovina,Central and Eastern Europe,87,5.163,5.063,5.263,0.93383,0.64367,0.70766,0.09511,0,0.29889,2.48406,2016
Montenegro,Central and Eastern Europe,88,5.161,5.055,5.267,1.07838,0.74173,0.63533,0.15111,0.12721,0.17191,2.25531,2016
Dominican Republic,Latin America and Caribbean,89,5.155,5.037,5.273,1.02787,0.99496,0.57669,0.52259,0.12372,0.21286,1.69626,2016
Morocco,Middle East and Northern Africa,90,5.151,5.058,5.244,0.84058,0.38595,0.59471,0.25646,0.08404,0.04053,2.94891,2016
Hungary,Central and Eastern Europe,91,5.145,5.056,5.234,1.24142,0.93164,0.67608,0.1977,0.04472,0.099,1.95473,2016
Pakistan,Southern Asia,92,5.132,5.038,5.226,0.68816,0.26135,0.40306,0.14622,0.1388,0.31185,3.18286,2016
Lebanon,Middle East and Northern Africa,93,5.129,5.031,5.227,1.12268,0.64184,0.76171,0.26228,0.03061,0.23693,2.07339,2016
Portugal,Western Europe,94,5.123,5.03,5.216,1.27607,0.94367,0.79363,0.44727,0.01521,0.11691,1.53015,2016
Macedonia,Central and Eastern Europe,95,5.121,5.017,5.225,1.0193,0.78236,0.64738,0.27668,0.07047,0.23507,2.08947,2016
Vietnam,Southeastern Asia,96,5.061,4.991,5.131,0.74037,0.79117,0.66157,0.55954,0.11556,0.25075,1.9418,2016
Somaliland Region,Sub-Saharan Africa,97,5.057,4.934,5.18,0.25558,0.75862,0.33108,0.3913,0.36794,0.51479,2.43801,2016
Tunisia,Middle East and Northern Africa,98,5.045,4.965,5.125,0.97724,0.43165,0.59577,0.23553,0.0817,0.03936,2.68413,2016
Greece,Western Europe,99,5.033,4.935,5.131,1.24886,0.75473,0.80029,0.05822,0.04127,0,2.12944,2016
Tajikistan,Central and Eastern Europe,100,4.996,4.923,5.069,0.48835,0.75602,0.53119,0.43408,0.13509,0.25998,2.39106,2016
Mongolia,Eastern Asia,101,4.907,4.838,4.976,0.98853,1.08983,0.55469,0.35972,0.03285,0.34539,1.53586,2016
Laos,Southeastern Asia,102,4.876,4.742,5.01,0.68042,0.5497,0.38291,0.52168,0.22423,0.43079,2.08637,2016
Nigeria,Sub-Saharan Africa,103,4.875,4.75,5,0.75216,0.64498,0.05108,0.27854,0.0305,0.23219,2.88586,2016
Honduras,Latin America and Caribbean,104,4.871,4.75,4.992,0.69429,0.75596,0.58383,0.26755,0.06906,0.2044,2.29551,2016
Iran,Middle East and Northern Africa,105,4.813,4.703,4.923,1.11758,0.38857,0.64232,0.22544,0.0557,0.38538,1.99817,2016
Zambia,Sub-Saharan Africa,106,4.795,4.645,4.945,0.61202,0.6376,0.23573,0.42662,0.11479,0.17866,2.58991,2016
Nepal,Southern Asia,107,4.793,4.698,4.888,0.44626,0.69699,0.50073,0.37012,0.07008,0.3816,2.32694,2016
Palestinian Territories,Middle East and Northern Africa,108,4.754,4.649,4.859,0.67024,0.71629,0.56844,0.17744,0.10613,0.11154,2.40364,2016
Albania,Central and Eastern Europe,109,4.655,4.546,4.764,0.9553,0.50163,0.73007,0.31866,0.05301,0.1684,1.92816,2016
Bangladesh,Southern Asia,110,4.643,4.56,4.726,0.54177,0.24749,0.52989,0.39778,0.12583,0.19132,2.60904,2016
Sierra Leone,Sub-Saharan Africa,111,4.635,4.505,4.765,0.36485,0.628,0,0.30685,0.08196,0.23897,3.01402,2016
Iraq,Middle East and Northern Africa,112,4.575,4.446,4.704,1.07474,0.59205,0.51076,0.24856,0.13636,0.19589,1.81657,2016
Namibia,Sub-Saharan Africa,113,4.574,4.374,4.774,0.93287,0.70362,0.34745,0.48614,0.10398,0.07795,1.92198,2016
Cameroon,Sub-Saharan Africa,114,4.513,4.417,4.609,0.52497,0.62542,0.12698,0.42736,0.06126,0.2268,2.5198,2016
Ethiopia,Sub-Saharan Africa,115,4.508,4.425,4.591,0.29283,0.37932,0.34578,0.36703,0.1717,0.29522,2.65614,2016
South Africa,Sub-Saharan Africa,116,4.459,4.371,4.547,1.02416,0.96053,0.18611,0.42483,0.08415,0.13656,1.64227,2016
Sri Lanka,Southern Asia,117,4.415,4.322,4.508,0.97318,0.84783,0.62007,0.50817,0.07964,0.46978,0.91681,2016
India,Southern Asia,118,4.404,4.351,4.457,0.74036,0.29247,0.45091,0.40285,0.08722,0.25028,2.18032,2016
Myanmar,Southeastern Asia,119,4.395,4.327,4.463,0.34112,0.69981,0.3988,0.42692,0.20243,0.81971,1.50655,2016
Egypt,Middle East and Northern Africa,120,4.362,4.259,4.465,0.95395,0.49813,0.52116,0.18847,0.10393,0.12706,1.96895,2016
Armenia,Central and Eastern Europe,121,4.36,4.266,4.454,0.86086,0.62477,0.64083,0.14037,0.03616,0.07793,1.97864,2016
Kenya,Sub-Saharan Africa,122,4.356,4.259,4.453,0.52267,0.7624,0.30147,0.40576,0.06686,0.41328,1.88326,2016
Ukraine,Central and Eastern Europe,123,4.324,4.236,4.412,0.87287,1.01413,0.58628,0.12859,0.01829,0.20363,1.50066,2016
Ghana,Sub-Saharan Africa,124,4.276,4.185,4.367,0.63107,0.49353,0.29681,0.40973,0.0326,0.21203,2.2002,2016
Congo (Kinshasa),Sub-Saharan Africa,125,4.272,4.191,4.353,0.05661,0.80676,0.188,0.15602,0.06075,0.25458,2.74924,2016
Georgia,Central and Eastern Europe,126,4.252,4.164,4.34,0.83792,0.19249,0.64035,0.32461,0.3188,0.06786,1.87031,2016
Congo (Brazzaville),Sub-Saharan Africa,127,4.236,4.107,4.365,0.77109,0.47799,0.28212,0.37938,0.09753,0.12077,2.10681,2016
Senegal,Sub-Saharan Africa,128,4.219,4.151,4.287,0.44314,0.77416,0.40457,0.31056,0.11681,0.19103,1.97861,2016
Bulgaria,Central and Eastern Europe,129,4.217,4.104,4.33,1.11306,0.92542,0.67806,0.21219,0.00615,0.12793,1.15377,2016
Mauritania,Sub-Saharan Africa,130,4.201,4.127,4.275,0.61391,0.84142,0.28639,0.1268,0.17955,0.22686,1.9263,2016
Zimbabwe,Sub-Saharan Africa,131,4.193,4.101,4.285,0.35041,0.71478,0.1595,0.25429,0.08582,0.18503,2.4427,2016
Malawi,Sub-Saharan Africa,132,4.156,4.041,4.271,0.08709,0.147,0.29364,0.4143,0.07564,0.30968,2.82859,2016
Sudan,Sub-Saharan Africa,133,4.139,3.928,4.35,0.63069,0.81928,0.29759,0,0.10039,0.18077,2.10995,2016
Gabon,Sub-Saharan Africa,134,4.121,4.03,4.212,1.15851,0.72368,0.3494,0.28098,0.09314,0.06244,1.45332,2016
Mali,Sub-Saharan Africa,135,4.073,3.988,4.158,0.31292,0.86333,0.16347,0.27544,0.13647,0.21064,2.11087,2016
Haiti,Latin America and Caribbean,136,4.028,3.893,4.163,0.34097,0.29561,0.27494,0.12072,0.14476,0.47958,2.37116,2016
Botswana,Sub-Saharan Africa,137,3.974,3.875,4.073,1.09426,0.89186,0.34752,0.44089,0.10769,0.12425,0.96741,2016
Comoros,Sub-Saharan Africa,138,3.956,3.86,4.052,0.27509,0.60323,0.29981,0.15412,0.18437,0.1827,2.25632,2016
Ivory Coast,Sub-Saharan Africa,139,3.916,3.826,4.006,0.55507,0.57576,0.04476,0.40663,0.1553,0.20338,1.97478,2016
Cambodia,Southeastern Asia,140,3.907,3.798,4.016,0.55604,0.5375,0.42494,0.58852,0.08092,0.40339,1.31573,2016
Angola,Sub-Saharan Africa,141,3.866,3.753,3.979,0.84731,0.66366,0.04991,0.00589,0.08434,0.12071,2.09459,2016
Niger,Sub-Saharan Africa,142,3.856,3.781,3.931,0.1327,0.6053,0.26162,0.38041,0.17176,0.2097,2.09469,2016
South Sudan,Sub-Saharan Africa,143,3.832,3.596,4.068,0.39394,0.18519,0.15781,0.19662,0.13015,0.25899,2.50929,2016
Chad,Sub-Saharan Africa,144,3.763,3.672,3.854,0.42214,0.63178,0.03824,0.12807,0.04952,0.18667,2.30637,2016
Burkina Faso,Sub-Saharan Africa,145,3.739,3.647,3.831,0.31995,0.63054,0.21297,0.3337,0.12533,0.24353,1.87319,2016
Uganda,Sub-Saharan Africa,145,3.739,3.629,3.849,0.34719,0.90981,0.19625,0.43653,0.06442,0.27102,1.51416,2016
Yemen,Middle East and Northern Africa,147,3.724,3.621,3.827,0.57939,0.47493,0.31048,0.2287,0.05892,0.09821,1.97295,2016
Madagascar,Sub-Saharan Africa,148,3.695,3.621,3.769,0.27954,0.46115,0.37109,0.13684,0.07506,0.2204,2.15075,2016
Tanzania,Sub-Saharan Africa,149,3.666,3.561,3.771,0.47155,0.77623,0.357,0.3176,0.05099,0.31472,1.37769,2016
Liberia,Sub-Saharan Africa,150,3.622,3.463,3.781,0.10706,0.50353,0.23165,0.25748,0.04852,0.24063,2.23284,2016
Guinea,Sub-Saharan Africa,151,3.607,3.533,3.681,0.22415,0.3109,0.18829,0.30953,0.1192,0.29914,2.15604,2016
Rwanda,Sub-Saharan Africa,152,3.515,3.444,3.586,0.32846,0.61586,0.31865,0.5432,0.50521,0.23552,0.96819,2016
Benin,Sub-Saharan Africa,153,3.484,3.404,3.564,0.39499,0.10419,0.21028,0.39747,0.06681,0.2018,2.10812,2016
Afghanistan,Southern Asia,154,3.36,3.288,3.432,0.38227,0.11037,0.17344,0.1643,0.07112,0.31268,2.14558,2016
Togo,Sub-Saharan Africa,155,3.303,3.192,3.414,0.28123,0,0.24811,0.34678,0.11587,0.17517,2.1354,2016
Syria,Middle East and Northern Africa,156,3.069,2.936,3.202,0.74719,0.14866,0.62994,0.06912,0.17233,0.48397,0.81789,2016
Burundi,Sub-Saharan Africa,157,2.905,2.732,3.078,0.06831,0.23442,0.15747,0.0432,0.09419,0.2029,2.10404,2016